USN,Student Name,Branch,Q1 Score (Max 5),Q1 CO/PO,Q2 Score (Max 5),Q2 CO/PO,Q3 Score (Max 5),Q3 CO/PO,Q4 Score (Max 5),Q4 CO/PO,Q5 Score (Max 10),Q5 CO/PO,Q6 Score (Max 10),Q6 CO/PO,Q7 Score (Max 10),Q7 CO/PO,Q8 Score (Max 10),Q8 CO/PO,EL Score (Max 40),EL CO/PO,Total CIE Marks
1RV25AI001,Aarav Sharma,AI,5,CO1/PO1,4,CO2/PO2,5,CO3/PO3,4,CO4/PO5,9,CO1/PO1,9,CO2/PO2,9,CO3/PO3,9,CO4/PO4,38,CO5/PO9,92
1RV25AI002,Aditi Rao,AI,4,CO1/PO1,4,CO2/PO2,4,CO3/PO3,4,CO4/PO5,8,CO1/PO1,8,CO2/PO2,8,CO3/PO3,8,CO4/PO4,34,CO5/PO9,82
1RV25AI003,Akshat Verma,AI,4,CO1/PO1,3,CO2/PO2,4,CO3/PO3,3,CO4/PO5,7,CO1/PO1,7,CO2/PO2,7,CO3/PO3,7,CO4/PO4,30,CO5/PO9,72
1RV25AI004,Ananya Hegde,AI,5,CO1/PO1,5,CO2/PO2,4,CO3/PO3,5,CO4/PO5,10,CO1/PO1,9,CO2/PO2,10,CO3/PO3,9,CO4/PO4,39,CO5/PO9,96
1RV25AI005,Aniruddh Nair,AI,3,CO1/PO1,2,CO2/PO2,3,CO3/PO3,2,CO4/PO5,5,CO1/PO1,5,CO2/PO2,5,CO3/PO3,5,CO4/PO4,22,CO5/PO9,52
1RV25AI006,Anusha Kulkarni,AI,4,CO1/PO1,4,CO2/PO2,4,CO3/PO3,3,CO4/PO5,8,CO1/PO1,7,CO2/PO2,8,CO3/PO3,7,CO4/PO4,32,CO5/PO9,77
1RV25AI007,Arjun Mehta,AI,5,CO1/PO1,4,CO2/PO2,4,CO3/PO3,4,CO4/PO5,9,CO1/PO1,8,CO2/PO2,9,CO3/PO3,8,CO4/PO4,35,CO5/PO9,86
1RV25AI008,Avani Deshmukh,AI,5,CO1/PO1,4,CO2/PO2,5,CO3/PO3,4,CO4/PO5,9,CO1/PO1,9,CO2/PO2,8,CO3/PO3,9,CO4/PO4,36,CO5/PO9,89
1RV25AI009,Ayush Patel,AI,3,CO1/PO1,3,CO2/PO2,4,CO3/PO3,3,CO4/PO5,7,CO1/PO1,6,CO2/PO2,7,CO3/PO3,6,CO4/PO4,28,CO5/PO9,67
1RV25AI010,Bhavana Bhat,AI,5,CO1/PO1,5,CO2/PO2,5,CO3/PO3,4,CO4/PO5,9,CO1/PO1,10,CO2/PO2,9,CO3/PO3,9,CO4/PO4,38,CO5/PO9,94
1RV25AI011,Chetan Kumar,AI,3,CO1/PO1,3,CO2/PO2,3,CO3/PO3,2,CO4/PO5,6,CO1/PO1,5,CO2/PO2,6,CO3/PO3,5,CO4/PO4,25,CO5/PO9,58
1RV25AI012,Deepa Shenoy,AI,4,CO1/PO1,4,CO2/PO2,4,CO3/PO3,4,CO4/PO5,8,CO1/PO1,8,CO2/PO2,8,CO3/PO3,7,CO4/PO4,33,CO5/PO9,80
1RV25AI013,Dhruv Joshi,AI,4,CO1/PO1,3,CO2/PO2,4,CO3/PO3,3,CO4/PO5,7,CO1/PO1,7,CO2/PO2,8,CO3/PO3,7,CO4/PO4,31,CO5/PO9,74
1RV25AI014,Divya Gowda,AI,5,CO1/PO1,4,CO2/PO2,4,CO3/PO3,4,CO4/PO5,9,CO1/PO1,9,CO2/PO2,8,CO3/PO3,9,CO4/PO4,37,CO5/PO9,89
1RV25AI015,Gautham Reddy,AI,2,CO1/PO1,2,CO2/PO2,2,CO3/PO3,2,CO4/PO5,4,CO1/PO1,4,CO2/PO2,4,CO3/PO3,4,CO4/PO4,18,CO5/PO9,42
1RV25AI016,Harshitha Prasad,AI,5,CO1/PO1,4,CO2/PO2,5,CO3/PO3,4,CO4/PO5,9,CO1/PO1,9,CO2/PO2,9,CO3/PO3,9,CO4/PO4,39,CO5/PO9,93
1RV25AI017,Ishaan Gupta,AI,4,CO1/PO1,4,CO2/PO2,4,CO3/PO3,3,CO4/PO5,8,CO1/PO1,7,CO2/PO2,8,CO3/PO3,7,CO4/PO4,32,CO5/PO9,77
1RV25AI018,Kavya Srinivas,AI,4,CO1/PO1,4,CO2/PO2,4,CO3/PO3,4,CO4/PO5,8,CO1/PO1,8,CO2/PO2,9,CO3/PO3,8,CO4/PO4,34,CO5/PO9,83
1RV25AI019,Kiran Kumar,AI,3,CO1/PO1,3,CO2/PO2,3,CO3/PO3,3,CO4/PO5,6,CO1/PO1,6,CO2/PO2,7,CO3/PO3,6,CO4/PO4,27,CO5/PO9,64
1RV25AI020,Likith Shetty,AI,5,CO1/PO1,4,CO2/PO2,5,CO3/PO3,4,CO4/PO5,9,CO1/PO1,9,CO2/PO2,8,CO3/PO3,9,CO4/PO4,37,CO5/PO9,90
1RV25AI021,Madhav Kulkarni,AI,4,CO1/PO1,3,CO2/PO2,4,CO3/PO3,3,CO4/PO5,7,CO1/PO1,7,CO2/PO2,7,CO3/PO3,7,CO4/PO4,30,CO5/PO9,72
1RV25AI022,Meghana Murthy,AI,5,CO1/PO1,5,CO2/PO2,5,CO3/PO3,5,CO4/PO5,10,CO1/PO1,10,CO2/PO2,9,CO3/PO3,10,CO4/PO4,40,CO5/PO9,99
1RV25AI023,Niharika Das,AI,4,CO1/PO1,4,CO2/PO2,4,CO3/PO3,3,CO4/PO5,8,CO1/PO1,8,CO2/PO2,8,CO3/PO3,7,CO4/PO4,33,CO5/PO9,79
1RV25AI024,Nikhil Roy,AI,3,CO1/PO1,3,CO2/PO2,4,CO3/PO3,3,CO4/PO5,7,CO1/PO1,6,CO2/PO2,7,CO3/PO3,6,CO4/PO4,28,CO5/PO9,67
1RV25AI025,Nishanth Rao,AI,4,CO1/PO1,4,CO2/PO2,5,CO3/PO3,4,CO4/PO5,9,CO1/PO1,8,CO2/PO2,9,CO3/PO3,8,CO4/PO4,36,CO5/PO9,87
1RV25AI026,Pooja Kamat,AI,4,CO1/PO1,4,CO2/PO2,4,CO3/PO3,4,CO4/PO5,8,CO1/PO1,8,CO2/PO2,8,CO3/PO3,8,CO4/PO4,35,CO5/PO9,83
1RV25AI027,Pranav Menon,AI,3,CO1/PO1,3,CO2/PO2,4,CO3/PO3,3,CO4/PO5,7,CO1/PO1,7,CO2/PO2,6,CO3/PO3,7,CO4/PO4,29,CO5/PO9,69
1RV25AI028,Preethi Hegde,AI,5,CO1/PO1,5,CO2/PO2,5,CO3/PO3,4,CO4/PO5,9,CO1/PO1,10,CO2/PO2,9,CO3/PO3,9,CO4/PO4,38,CO5/PO9,94
1RV25AI029,Rahul Sharma,AI,4,CO1/PO1,4,CO2/PO2,4,CO3/PO3,3,CO4/PO5,8,CO1/PO1,7,CO2/PO2,8,CO3/PO3,7,CO4/PO4,32,CO5/PO9,77
1RV25AI030,Riya Iyer,AI,4,CO1/PO1,4,CO2/PO2,4,CO3/PO3,4,CO4/PO5,8,CO1/PO1,8,CO2/PO2,9,CO3/PO3,8,CO4/PO4,34,CO5/PO9,83
1RV25AI031,Rohan Verma,AI,3,CO1/PO1,3,CO2/PO2,3,CO3/PO3,2,CO4/PO5,6,CO1/PO1,6,CO2/PO2,5,CO3/PO3,6,CO4/PO4,26,CO5/PO9,60
1RV25AI032,Sahana Pai,AI,5,CO1/PO1,4,CO2/PO2,5,CO3/PO3,4,CO4/PO5,9,CO1/PO1,9,CO2/PO2,9,CO3/PO3,9,CO4/PO4,38,CO5/PO9,92
1RV25AI033,Sameer Khan,AI,4,CO1/PO1,3,CO2/PO2,4,CO3/PO3,3,CO4/PO5,7,CO1/PO1,7,CO2/PO2,7,CO3/PO3,7,CO4/PO4,31,CO5/PO9,73
1RV25AI034,Sanjana N,AI,4,CO1/PO1,4,CO2/PO2,5,CO3/PO3,4,CO4/PO5,9,CO1/PO1,8,CO2/PO2,9,CO3/PO3,8,CO4/PO4,36,CO5/PO9,87
1RV25AI035,Shreya Kulkarni,AI,5,CO1/PO1,5,CO2/PO2,4,CO3/PO3,5,CO4/PO5,10,CO1/PO1,9,CO2/PO2,10,CO3/PO3,9,CO4/PO4,39,CO5/PO9,96
1RV25AI036,Siddharth Pillai,AI,3,CO1/PO1,3,CO2/PO2,4,CO3/PO3,3,CO4/PO5,7,CO1/PO1,6,CO2/PO2,7,CO3/PO3,6,CO4/PO4,28,CO5/PO9,67
1RV25AI037,Sneha Deshpande,AI,4,CO1/PO1,4,CO2/PO2,4,CO3/PO3,4,CO4/PO5,8,CO1/PO1,8,CO2/PO2,8,CO3/PO3,8,CO4/PO4,34,CO5/PO9,82
1RV25AI038,Somashekar B,AI,4,CO1/PO1,4,CO2/PO2,4,CO3/PO3,3,CO4/PO5,8,CO1/PO1,7,CO2/PO2,8,CO3/PO3,7,CO4/PO4,33,CO5/PO9,78
1RV25AI039,Sourabh Patil,AI,2,CO1/PO1,2,CO2/PO2,3,CO3/PO3,2,CO4/PO5,5,CO1/PO1,4,CO2/PO2,5,CO3/PO3,4,CO4/PO4,20,CO5/PO9,47
1RV25AI040,Srishti Shenoy,AI,5,CO1/PO1,4,CO2/PO2,5,CO3/PO3,4,CO4/PO5,9,CO1/PO1,9,CO2/PO2,8,CO3/PO3,9,CO4/PO4,37,CO5/PO9,90
1RV25CS001,Tanvi Hegde,CS,4,CO1/PO1,4,CO2/PO2,5,CO3/PO3,4,CO4/PO5,9,CO1/PO1,9,CO2/PO2,8,CO3/PO3,9,CO4/PO4,36,CO5/PO9,88
1RV25CS002,Tarun Reddy,CS,4,CO1/PO1,4,CO2/PO2,4,CO3/PO3,3,CO4/PO5,8,CO1/PO1,7,CO2/PO2,8,CO3/PO3,7,CO4/PO4,32,CO5/PO9,77
1RV25CS003,Tejaswini M,CS,5,CO1/PO1,5,CO2/PO2,5,CO3/PO3,4,CO4/PO5,9,CO1/PO1,10,CO2/PO2,9,CO3/PO3,9,CO4/PO4,38,CO5/PO9,94
1RV25CS004,Utkarsh Sharma,CS,3,CO1/PO1,3,CO2/PO2,3,CO3/PO3,3,CO4/PO5,6,CO1/PO1,6,CO2/PO2,7,CO3/PO3,6,CO4/PO4,27,CO5/PO9,64
1RV25CS005,Vaibhav Naik,CS,4,CO1/PO1,4,CO2/PO2,4,CO3/PO3,4,CO4/PO5,8,CO1/PO1,8,CO2/PO2,8,CO3/PO3,7,CO4/PO4,33,CO5/PO9,80
1RV25CS006,Vaishnavi Rao,CS,5,CO1/PO1,4,CO2/PO2,5,CO3/PO3,4,CO4/PO5,9,CO1/PO1,9,CO2/PO2,9,CO3/PO3,9,CO4/PO4,38,CO5/PO9,92
1RV25CS007,Varun Kumar,CS,4,CO1/PO1,3,CO2/PO2,4,CO3/PO3,3,CO4/PO5,7,CO1/PO1,7,CO2/PO2,7,CO3/PO3,7,CO4/PO4,30,CO5/PO9,72
1RV25CS008,Vedanth Joshi,CS,4,CO1/PO1,4,CO2/PO2,5,CO3/PO3,4,CO4/PO5,9,CO1/PO1,8,CO2/PO2,8,CO3/PO3,8,CO4/PO4,35,CO5/PO9,85
1RV25CS009,Vinayaka Bhat,CS,3,CO1/PO1,3,CO2/PO2,3,CO3/PO3,3,CO4/PO5,6,CO1/PO1,6,CO2/PO2,6,CO3/PO3,6,CO4/PO4,26,CO5/PO9,62
1RV25CS010,Yashaswini K,CS,5,CO1/PO1,5,CO2/PO2,5,CO3/PO3,5,CO4/PO5,10,CO1/PO1,10,CO2/PO2,9,CO3/PO3,10,CO4/PO4,40,CO5/PO9,99
1RV26AI401,Abhinav V,AI,4,CO1/PO1,4,CO2/PO2,4,CO3/PO3,4,CO4/PO5,8,CO1/PO1,8,CO2/PO2,8,CO3/PO3,8,CO4/PO4,34,CO5/PO9,82
1RV26AI402,Adarsh B,AI,4,CO1/PO1,3,CO2/PO2,4,CO3/PO3,4,CO4/PO5,7,CO1/PO1,8,CO2/PO2,7,CO3/PO3,7,CO4/PO4,32,CO5/PO9,76
1RV26AI403,Bharath G,AI,4,CO1/PO1,4,CO2/PO2,5,CO3/PO3,4,CO4/PO5,9,CO1/PO1,8,CO2/PO2,9,CO3/PO3,8,CO4/PO4,36,CO5/PO9,87
1RV26AI404,Chandan M,AI,3,CO1/PO1,3,CO2/PO2,4,CO3/PO3,3,CO4/PO5,7,CO1/PO1,6,CO2/PO2,7,CO3/PO3,6,CO4/PO4,28,CO5/PO9,67
1RV26AI405,Deepthi S,AI,5,CO1/PO1,4,CO2/PO2,5,CO3/PO3,4,CO4/PO5,9,CO1/PO1,9,CO2/PO2,8,CO3/PO3,9,CO4/PO4,37,CO5/PO9,90
1RV26AI406,Ganesh K,AI,3,CO1/PO1,3,CO2/PO2,3,CO3/PO3,2,CO4/PO5,6,CO1/PO1,6,CO2/PO2,5,CO3/PO3,6,CO4/PO4,26,CO5/PO9,60
1RV26AI407,Hariharan R,AI,4,CO1/PO1,4,CO2/PO2,4,CO3/PO3,4,CO4/PO5,8,CO1/PO1,8,CO2/PO2,8,CO3/PO3,7,CO4/PO4,33,CO5/PO9,80
1RV26AI408,Indresh P,AI,4,CO1/PO1,3,CO2/PO2,4,CO3/PO3,3,CO4/PO5,7,CO1/PO1,7,CO2/PO2,7,CO3/PO3,7,CO4/PO4,30,CO5/PO9,72
1RV26AI409,Jayanth N,AI,4,CO1/PO1,4,CO2/PO2,5,CO3/PO3,4,CO4/PO5,9,CO1/PO1,8,CO2/PO2,8,CO3/PO3,8,CO4/PO4,35,CO5/PO9,85
1RV26AI410,Karthik S,AI,4,CO1/PO1,4,CO2/PO2,5,CO3/PO3,4,CO4/PO5,9,CO1/PO1,9,CO2/PO2,8,CO3/PO3,9,CO4/PO4,36,CO5/PO9,88
1RV25CD001,Aditya H,CD,5,CO1/PO1,4,CO2/PO2,5,CO3/PO3,4,CO4/PO5,9,CO1/PO1,9,CO2/PO2,9,CO3/PO3,9,CO4/PO4,38,CO5/PO9,92
1RV25CD002,Amrutha V,CD,4,CO1/PO1,4,CO2/PO2,4,CO3/PO3,4,CO4/PO5,8,CO1/PO1,8,CO2/PO2,8,CO3/PO3,8,CO4/PO4,34,CO5/PO9,82
1RV25CD003,Bhuvan Gowda,CD,3,CO1/PO1,3,CO2/PO2,4,CO3/PO3,3,CO4/PO5,7,CO1/PO1,6,CO2/PO2,7,CO3/PO3,6,CO4/PO4,28,CO5/PO9,67
1RV25CD004,Chaithra N,CD,5,CO1/PO1,5,CO2/PO2,4,CO3/PO3,5,CO4/PO5,10,CO1/PO1,9,CO2/PO2,10,CO3/PO3,9,CO4/PO4,39,CO5/PO9,96
1RV25CD005,Darshan K,CD,4,CO1/PO1,4,CO2/PO2,4,CO3/PO3,3,CO4/PO5,8,CO1/PO1,7,CO2/PO2,8,CO3/PO3,7,CO4/PO4,32,CO5/PO9,77
1RV25CD006,Esha Sharma,CD,4,CO1/PO1,4,CO2/PO2,5,CO3/PO3,4,CO4/PO5,9,CO1/PO1,8,CO2/PO2,9,CO3/PO3,8,CO4/PO4,36,CO5/PO9,87
1RV25CD007,Farhan Ahmed,CD,4,CO1/PO1,3,CO2/PO2,4,CO3/PO3,3,CO4/PO5,7,CO1/PO1,7,CO2/PO2,7,CO3/PO3,7,CO4/PO4,30,CO5/PO9,72
1RV25CD008,Gitanjali R,CD,5,CO1/PO1,4,CO2/PO2,5,CO3/PO3,4,CO4/PO5,9,CO1/PO1,9,CO2/PO2,8,CO3/PO3,9,CO4/PO4,37,CO5/PO9,90
1RV25CD009,Hemanth M,CD,3,CO1/PO1,3,CO2/PO2,3,CO3/PO3,2,CO4/PO5,6,CO1/PO1,6,CO2/PO2,6,CO3/PO3,5,CO4/PO4,25,CO5/PO9,59
1RV25CD010,Ishwarya S,CD,5,CO1/PO1,5,CO2/PO2,5,CO3/PO3,4,CO4/PO5,9,CO1/PO1,10,CO2/PO2,9,CO3/PO3,9,CO4/PO4,38,CO5/PO9,94
1RV25CY001,Abhay Kumar,CY,4,CO1/PO1,4,CO2/PO2,5,CO3/PO3,4,CO4/PO5,9,CO1/PO1,8,CO2/PO2,8,CO3/PO3,8,CO4/PO4,35,CO5/PO9,85
1RV25CY002,Bindu Shree,CY,4,CO1/PO1,4,CO2/PO2,5,CO3/PO3,4,CO4/PO5,9,CO1/PO1,9,CO2/PO2,8,CO3/PO3,9,CO4/PO4,36,CO5/PO9,88
1RV25CY003,Chirag Jain,CY,4,CO1/PO1,3,CO2/PO2,4,CO3/PO3,3,CO4/PO5,7,CO1/PO1,7,CO2/PO2,7,CO3/PO3,7,CO4/PO4,31,CO5/PO9,73
1RV25CY004,Deepika R,CY,5,CO1/PO1,4,CO2/PO2,5,CO3/PO3,4,CO4/PO5,9,CO1/PO1,9,CO2/PO2,9,CO3/PO3,9,CO4/PO4,38,CO5/PO9,92
1RV25CY005,Gokul Nath,CY,3,CO1/PO1,3,CO2/PO2,3,CO3/PO3,3,CO4/PO5,6,CO1/PO1,6,CO2/PO2,7,CO3/PO3,6,CO4/PO4,27,CO5/PO9,64
1RV25EC001,Akshay Kumar,EC,4,CO1/PO1,4,CO2/PO2,4,CO3/PO3,4,CO4/PO5,8,CO1/PO1,8,CO2/PO2,8,CO3/PO3,8,CO4/PO4,34,CO5/PO9,82
1RV25EC002,Bhavya Shree,EC,5,CO1/PO1,4,CO2/PO2,5,CO3/PO3,4,CO4/PO5,9,CO1/PO1,9,CO2/PO2,8,CO3/PO3,9,CO4/PO4,37,CO5/PO9,90
1RV25EC003,Chethan Gowda,EC,3,CO1/PO1,3,CO2/PO2,4,CO3/PO3,3,CO4/PO5,7,CO1/PO1,6,CO2/PO2,7,CO3/PO3,6,CO4/PO4,28,CO5/PO9,67
1RV25EC004,Divya Shree,EC,5,CO1/PO1,5,CO2/PO2,4,CO3/PO3,5,CO4/PO5,10,CO1/PO1,9,CO2/PO2,10,CO3/PO3,9,CO4/PO4,39,CO5/PO9,96
1RV25EC005,Harish M,EC,4,CO1/PO1,4,CO2/PO2,4,CO3/PO3,3,CO4/PO5,8,CO1/PO1,7,CO2/PO2,8,CO3/PO3,7,CO4/PO4,32,CO5/PO9,77
1RV25EC006,Indu Priya,EC,4,CO1/PO1,4,CO2/PO2,5,CO3/PO3,4,CO4/PO5,9,CO1/PO1,8,CO2/PO2,9,CO3/PO3,8,CO4/PO4,36,CO5/PO9,87
1RV25EC007,Janardhan R,EC,4,CO1/PO1,3,CO2/PO2,4,CO3/PO3,3,CO4/PO5,7,CO1/PO1,7,CO2/PO2,7,CO3/PO3,7,CO4/PO4,30,CO5/PO9,72
1RV25EC008,Keerthi Vasa,EC,4,CO1/PO1,4,CO2/PO2,5,CO3/PO3,4,CO4/PO5,9,CO1/PO1,9,CO2/PO2,8,CO3/PO3,9,CO4/PO4,36,CO5/PO9,88
1RV25EC009,Lokesh Kumar,EC,3,CO1/PO1,3,CO2/PO2,3,CO3/PO3,2,CO4/PO5,6,CO1/PO1,5,CO2/PO2,6,CO3/PO3,5,CO4/PO4,25,CO5/PO9,58
1RV25EC010,Monisha B,EC,5,CO1/PO1,5,CO2/PO2,5,CO3/PO3,4,CO4/PO5,9,CO1/PO1,10,CO2/PO2,9,CO3/PO3,9,CO4/PO4,38,CO5/PO9,94
1RV25ME001,Abhishek P,ME,4,CO1/PO1,3,CO2/PO2,4,CO3/PO3,4,CO4/PO5,8,CO1/PO1,8,CO2/PO2,8,CO3/PO3,7,CO4/PO4,33,CO5/PO9,79
1RV25ME002,Bharath Kumar,ME,4,CO1/PO1,3,CO2/PO2,4,CO3/PO3,3,CO4/PO5,7,CO1/PO1,7,CO2/PO2,7,CO3/PO3,7,CO4/PO4,31,CO5/PO9,73
1RV25ME003,Chandrashekar,ME,3,CO1/PO1,3,CO2/PO2,3,CO3/PO3,3,CO4/PO5,6,CO1/PO1,6,CO2/PO2,6,CO3/PO3,6,CO4/PO4,26,CO5/PO9,62
1RV25ME004,Dhanush Gowda,ME,4,CO1/PO1,4,CO2/PO2,5,CO3/PO3,4,CO4/PO5,9,CO1/PO1,8,CO2/PO2,9,CO3/PO3,8,CO4/PO4,36,CO5/PO9,87
1RV25ME005,Gagan R,ME,3,CO1/PO1,3,CO2/PO2,4,CO3/PO3,3,CO4/PO5,7,CO1/PO1,6,CO2/PO2,7,CO3/PO3,6,CO4/PO4,28,CO5/PO9,67
1RV25EE001,Anusha V,EE,5,CO1/PO1,4,CO2/PO2,5,CO3/PO3,4,CO4/PO5,9,CO1/PO1,9,CO2/PO2,8,CO3/PO3,9,CO4/PO4,37,CO5/PO9,90
1RV25EE002,Deepak Kumar,EE,4,CO1/PO1,4,CO2/PO2,4,CO3/PO3,3,CO4/PO5,8,CO1/PO1,7,CO2/PO2,8,CO3/PO3,7,CO4/PO4,32,CO5/PO9,77
1RV25EE003,Harshavardhan,EE,3,CO1/PO1,3,CO2/PO2,3,CO3/PO3,3,CO4/PO5,6,CO1/PO1,6,CO2/PO2,7,CO3/PO3,6,CO4/PO4,27,CO5/PO9,64
1RV25EE004,Kavya Shree,EE,5,CO1/PO1,5,CO2/PO2,5,CO3/PO3,4,CO4/PO5,9,CO1/PO1,10,CO2/PO2,9,CO3/PO3,9,CO4/PO4,38,CO5/PO9,94
1RV25EE005,Manjunath K,EE,4,CO1/PO1,3,CO2/PO2,4,CO3/PO3,3,CO4/PO5,7,CO1/PO1,7,CO2/PO2,7,CO3/PO3,7,CO4/PO4,30,CO5/PO9,72
1RV25BT001,Archana M,BT,5,CO1/PO1,4,CO2/PO2,5,CO3/PO3,4,CO4/PO5,9,CO1/PO1,9,CO2/PO2,9,CO3/PO3,9,CO4/PO4,38,CO5/PO9,92
1RV25BT002,Kavyashree N,BT,4,CO1/PO1,4,CO2/PO2,5,CO3/PO3,4,CO4/PO5,9,CO1/PO1,8,CO2/PO2,8,CO3/PO3,8,CO4/PO4,35,CO5/PO9,85
1RV25BT003,Niveditha S,BT,4,CO1/PO1,4,CO2/PO2,4,CO3/PO3,3,CO4/PO5,8,CO1/PO1,7,CO2/PO2,8,CO3/PO3,7,CO4/PO4,32,CO5/PO9,77
1RV25BT004,Rashmi Bhat,BT,4,CO1/PO1,4,CO2/PO2,5,CO3/PO3,4,CO4/PO5,9,CO1/PO1,9,CO2/PO2,8,CO3/PO3,9,CO4/PO4,36,CO5/PO9,88
1RV25BT005,Swathi Rao,BT,5,CO1/PO1,5,CO2/PO2,4,CO3/PO3,5,CO4/PO5,10,CO1/PO1,9,CO2/PO2,10,CO3/PO3,9,CO4/PO4,39,CO5/PO9,96