student_id,usn,student_name,department_code,program,degree,batch_year,semester,academic_year,section,gender,admission_type,quota_type,category,hostel_status,bus_opted,current_cgpa,student_status,course_code,course_name,credits,l_t_p_c,course_type,cie_weightage,see_weightage,total_marks,faculty_id,faculty_name,faculty_designation,faculty_qualification,faculty_specialization,faculty_email,office_location,test_1_50,test_2_50,quiz_10,el_20,cie_total_50,see_marks_100,grade_point,letter_grade
STU0001,1RV25CI001,Aarav Sharma,CI,CSE (AI & ML),B.E,2025,3,2026-27,A,Male,KCET,Regular,GM,Day Scholar,Yes,8.85,Active,MA231TF,Probability and Statistics for ML & Data Science,4,3:1:0:4,Theory,50,50,100,FAC001,Dr. Rajesh K,Professor,Ph.D.,Applied Statistics,rajeshk@rvce.edu.in,MA-102,44,46,10,18,45,88,9,A+
STU0001,1RV25CI001,Aarav Sharma,CI,CSE (AI & ML),B.E,2025,3,2026-27,A,Male,KCET,Regular,GM,Day Scholar,Yes,8.85,Active,CS233AI,Data Structures and Applications,4,3:0:2:4,Integrated,50,50,100,FAC002,Dr. Sunitha M,Associate Professor,Ph.D.,Algorithms & Data Structures,sunitham@rvce.edu.in,CS-204,48,47,9,19,47,92,10,O
STU0001,1RV25CI001,Aarav Sharma,CI,CSE (AI & ML),B.E,2025,3,2026-27,A,Male,KCET,Regular,GM,Day Scholar,Yes,8.85,Active,CI234AI,Design Principles of Cyber Physical Systems,4,3:0:2:4,Integrated,50,50,100,FAC003,Prof. Ramesh Babu,Assistant Professor,M.Tech,Cyber-Physical Systems,rameshbabu@rvce.edu.in,CI-301,42,40,8,17,42,84,9,A+
STU0001,1RV25CI001,Aarav Sharma,CI,CSE (AI & ML),B.E,2025,3,2026-27,A,Male,KCET,Regular,GM,Day Scholar,Yes,8.85,Active,CS235AT,Operating Systems,3,3:0:0:3,Theory,50,50,100,FAC004,Dr. Priya Dharshini,Associate Professor,Ph.D.,Operating Systems & Systems Programming,priyadharshini@rvce.edu.in,CS-210,38,35,8,15,37,72,8,A
STU0001,1RV25CI001,Aarav Sharma,CI,CSE (AI & ML),B.E,2025,3,2026-27,A,Male,KCET,Regular,GM,Day Scholar,Yes,8.85,Active,CS236AT,Quantum Computing Essentials,3,3:0:0:3,Theory,50,50,100,FAC005,Dr. Anand Swaroop,Professor,Ph.D.,Quantum Computing,anandswaroop@rvce.edu.in,CS-105,45,43,10,18,44,86,9,A+
STU0001,1RV25CI001,Aarav Sharma,CI,CSE (AI & ML),B.E,2025,3,2026-27,A,Male,KCET,Regular,GM,Day Scholar,Yes,8.85,Active,CI238DL,Applied Design Thinking Lab,1,0:0:2:1,Practical,50,50,100,FAC006,Prof. Sneha K,Assistant Professor,M.Tech,Design Thinking & UI/UX,snehak@rvce.edu.in,CI-305,49,48,10,20,49,95,10,O
STU0001,1RV25CI001,Aarav Sharma,CI,CSE (AI & ML),B.E,2025,3,2026-27,A,Male,KCET,Regular,GM,Day Scholar,Yes,8.85,Active,CV232TA,Environment and Sustainability,3,3:0:0:3,Theory,50,50,100,FAC007,Dr. Suresh Chandra,Associate Professor,Ph.D.,Environmental Engineering,sureshchandra@rvce.edu.in,CV-102,40,42,9,16,41,80,8,A
STU0002,1RV25CI002,Aditi Rao,CI,CSE (AI & ML),B.E,2025,3,2026-27,A,Female,COMEDK,Regular,GM,Hosteller,No,9.12,Active,MA231TF,Probability and Statistics for ML & Data Science,4,3:1:0:4,Theory,50,50,100,FAC001,Dr. Rajesh K,Professor,Ph.D.,Applied Statistics,rajeshk@rvce.edu.in,MA-102,46,48,10,19,47,90,10,O
STU0002,1RV25CI002,Aditi Rao,CI,CSE (AI & ML),B.E,2025,3,2026-27,A,Female,COMEDK,Regular,GM,Hosteller,No,9.12,Active,CS233AI,Data Structures and Applications,4,3:0:2:4,Integrated,50,50,100,FAC002,Dr. Sunitha M,Associate Professor,Ph.D.,Algorithms & Data Structures,sunitham@rvce.edu.in,CS-204,45,46,10,18,46,89,9,A+
STU0002,1RV25CI002,Aditi Rao,CI,CSE (AI & ML),B.E,2025,3,2026-27,A,Female,COMEDK,Regular,GM,Hosteller,No,9.12,Active,CI234AI,Design Principles of Cyber Physical Systems,4,3:0:2:4,Integrated,50,50,100,FAC003,Prof. Ramesh Babu,Assistant Professor,M.Tech,Cyber-Physical Systems,rameshbabu@rvce.edu.in,CI-301,47,45,9,19,46,91,10,O